Agency_Name,Phone,City,Profile_URL,Person_Name,Person_Email
-,-,-,https://imoti.bg/обяви/agu:29597,-,office@imoti.bg
"""ЕсЕл&ДжиЕр Къмпани""ЕООД",0888492790,-,https://imoti.bg/обяви/agu:2844,-,office@imoti.bg
"""Империум Груп 2020"" ООД",+359896380248,-,https://imoti.bg/обяви/agu:3098,-,office@imoti.bg
"""МАТЕНА ЕСТЕЙТ"" ЕООД",0878916209,-,https://imoti.bg/обяви/agu:3497,-,office@imoti.bg
"""Про Пак"" ООД",0887421661,-,https://imoti.bg/обяви/agu:29450,-,office@imoti.bg
366ESTATE,0888933666,-,https://imoti.bg/обяви/agu:4185,-,office@imoti.bg
Albertin Real Estate ltd.,+359897637767,-,https://imoti.bg/обяви/agu:28191,-,office@imoti.bg
ArchiStone,0887310388,-,https://imoti.bg/обяви/agu:3629,-,office@imoti.bg
Artisstroy,0876834234,-,https://imoti.bg/обяви/agu:2909,-,office@imoti.bg
Atlanta,+359884551510,-,https://imoti.bg/обяви/agu:3184,-,office@imoti.bg
BG Home Services Ltd,0885492310,-,https://imoti.bg/обяви/agu:5489,-,office@imoti.bg
Bliznakov,0890142414,-,https://imoti.bg/обяви/agu:3124,-,office@imoti.bg
bolgarskiydom.com,+359 87 618 1282,-,https://imoti.bg/обяви/agu:29371,-,office@imoti.bg
bulgarskiewczasyeu,0898351835,-,https://imoti.bg/обяви/agu:5573,-,office@imoti.bg
D&M Service Group,0878103391,-,https://imoti.bg/обяви/agu:6500,-,office@imoti.bg
DM DIMITROV CONSULT LTD EOOD,0895848354,-,https://imoti.bg/обяви/agu:28189,-,office@imoti.bg
Dброкер,0888550851,-,https://imoti.bg/обяви/agu:4427,-,office@imoti.bg
Eстейт трейд,0886626613,-,https://imoti.bg/обяви/agu:4079,-,office@imoti.bg
Fenix Invest ANA Ltd,+359 887432873,-,https://imoti.bg/обяви/agu:29426,-,office@imoti.bg
GALA Real Estate,0885945400,-,https://imoti.bg/обяви/agu:5505,-,office@imoti.bg
Gancheva,0899213112,-,https://imoti.bg/обяви/agu:5950,-,office@imoti.bg
Gold Estate,0895494621,-,https://imoti.bg/обяви/agu:3598,-,office@imoti.bg
Imoti biala,-,-,https://imoti.bg/обяви/agu:29029,-,office@imoti.bg
İmoti Turkey,-,-,https://imoti.bg/обяви/agu:5380,-,office@imoti.bg
Imotio Estates,0878860940,-,https://imoti.bg/обяви/agu:23726,-,office@imoti.bg
Just Balkan Property,+359885167890,-,https://imoti.bg/обяви/agu:4730,-,office@imoti.bg
KONSTANTINOV REAL ESTATE,0888963796,-,https://imoti.bg/обяви/agu:5621,-,office@imoti.bg
Laza Invest LTD,0876227033,-,https://imoti.bg/обяви/agu:28452,-,office@imoti.bg
Luks Marbella S.L.,-,-,https://imoti.bg/обяви/agu:28469,-,office@imoti.bg
MadPropertiess,0879350594,-,https://imoti.bg/обяви/agu:5282,-,office@imoti.bg
MG HOMES,0899938045,-,https://imoti.bg/обяви/agu:6062,-,office@imoti.bg
MGroup23,+359899107805,-,https://imoti.bg/обяви/agu:4736,-,office@imoti.bg
Midas Group,-,-,https://imoti.bg/обяви/agu:28999,-,office@imoti.bg
Molero realestate,0892096770,-,https://imoti.bg/обяви/agu:3104,-,office@imoti.bg
Move2BG,-,-,https://imoti.bg/обяви/agu:23724,-,office@imoti.bg
Planet properties,0876975408,-,https://imoti.bg/обяви/agu:3071,-,office@imoti.bg
Polarstar Real Estate OOD,-,-,https://imoti.bg/обяви/agu:4939,-,office@imoti.bg
Real Co. ltd,0893666807,-,https://imoti.bg/обяви/agu:2778,-,office@imoti.bg
SOFimot.bg,0878573728,-,https://imoti.bg/обяви/agu:4096,-,office@imoti.bg
Somnium,0895940422,-,https://imoti.bg/обяви/agu:4230,-,office@imoti.bg
Space Real Estate Agency,0877879933,-,https://imoti.bg/обяви/agu:2493,-,office@imoti.bg
SunRealtyBg,+359884648188,-,https://imoti.bg/обяви/agu:5126,-,office@imoti.bg
SVMG Properties,+359884269692,-,https://imoti.bg/обяви/agu:28603,-,office@imoti.bg
Tne village,0889232012,-,https://imoti.bg/обяви/agu:4356,-,office@imoti.bg
Trip Spot,0876252620,-,https://imoti.bg/обяви/agu:4546,-,office@imoti.bg
Unidos Trade,0876996561,-,https://imoti.bg/обяви/agu:28876,-,office@imoti.bg
unisurface,0887215155,-,https://imoti.bg/обяви/agu:3628,-,office@imoti.bg
VICUS INVEST LTD.,0877311334,-,https://imoti.bg/обяви/agu:4021,-,office@imoti.bg
Аг. Прогрес 2007 Имоти,0897744182,-,https://imoti.bg/обяви/agu:27955,-,office@imoti.bg
АГЕНЦИЯ ДАУНТАУН,-,-,https://imoti.bg/обяви/agu:2647,-,office@imoti.bg
АДРЕС Недвижими Имоти - Кантора Сандански,0884186724,-,https://imoti.bg/обяви/agu:3138,-,office@imoti.bg
АЙКЮ ЕСТЕЙТ,0895588039,-,https://imoti.bg/обяви/agu:3837,-,office@imoti.bg
АЛ ЛУКС ИМОТИ,0888021234,-,https://imoti.bg/обяви/agu:2821,-,office@imoti.bg
ала бала оод,0897025560,-,https://imoti.bg/обяви/agu:3450,-,office@imoti.bg
Алтера ЕООД,0899526972,-,https://imoti.bg/обяви/agu:5143,-,office@imoti.bg
амала 9999,-,-,https://imoti.bg/обяви/agu:29401,-,office@imoti.bg
Андромеда Риъл Естейт ООД,-,-,https://imoti.bg/обяви/agu:3495,-,office@imoti.bg
АНСПА ЕООД,0897881373,-,https://imoti.bg/обяви/agu:28074,-,office@imoti.bg
Арена имот,0876966282,-,https://imoti.bg/обяви/agu:4161,-,office@imoti.bg
АС ДЖЕЙ ДИ,0877684567,-,https://imoti.bg/обяви/agu:5742,-,office@imoti.bg
АС ДЖЕЙ ДИ,0877684567,-,https://imoti.bg/обяви/agu:5743,-,office@imoti.bg
Астромелия ЕООД,0889644744,-,https://imoti.bg/обяви/agu:5414,-,office@imoti.bg
Билдинг Бокс,0879900994,-,https://imoti.bg/обяви/agu:5860,-,office@imoti.bg
БИМ Имоти ЕООД,0888844499,-,https://imoti.bg/обяви/agu:29389,-,office@imoti.bg
БКПЛАНЕРА ГРУП,+359877324046,-,https://imoti.bg/обяви/agu:28226,-,office@imoti.bg
Бридж Естейт ООД,0899935384,-,https://imoti.bg/обяви/agu:28855,-,office@imoti.bg
БЪЛГАРИЯ ИМОТ ПЛЮС,0878784407,0886160182,https://imoti.bg/обяви/agu:2633,-,office@imoti.bg
Български Дом,+359882255322,-,https://imoti.bg/обяви/agu:3604,-,office@imoti.bg
Бюти Хоум,0887691778,-,https://imoti.bg/обяви/agu:2551,-,office@imoti.bg
Ваклин груп ООД,+35928519046,-,https://imoti.bg/обяви/agu:5098,-,office@imoti.bg
Варма Наеми,0899182323,-,https://imoti.bg/обяви/agu:4722,-,office@imoti.bg
Ви Груп Бг Еоод,0898477070,-,https://imoti.bg/обяви/agu:2830,-,office@imoti.bg
ВИЕЛ,0888762367,-,https://imoti.bg/обяви/agu:29503,-,office@imoti.bg
Гогика ООД,0878286699,-,https://imoti.bg/обяви/agu:5140,-,office@imoti.bg
Гранде Недвижими Имоти,0895002221,-,https://imoti.bg/обяви/agu:3576,-,office@imoti.bg
Деказ ООД,0886060001,-,https://imoti.bg/обяви/agu:3530,-,office@imoti.bg
Джелато Ди Папа ЕООД,0899881544,-,https://imoti.bg/обяви/agu:3278,-,office@imoti.bg
Димитрова-Естейт ЕООД,0876218787,-,https://imoti.bg/обяви/agu:5571,-,office@imoti.bg
Дом Експрес,0888214049,-,https://imoti.bg/обяви/agu:4112,-,office@imoti.bg
ЕВРОИМОТИ ООД,0889675457,-,https://imoti.bg/обяви/agu:3299,-,office@imoti.bg
Елит Естейт,0886330554,-,https://imoti.bg/обяви/agu:2506,-,office@imoti.bg
ЕРА ЛИДЕР,0896787907,-,https://imoti.bg/обяви/agu:28905,-,office@imoti.bg
ЕРА Централ,0887 909 017,-,https://imoti.bg/обяви/agu:28924,-,office@imoti.bg
Ес енд Ей Пропърти Експертс ООД,0885841250,-,https://imoti.bg/обяви/agu:5975,-,office@imoti.bg
ЖИВИН ООД,+359888543507,-,https://imoti.bg/обяви/agu:4752,-,-
Имот Секонд Еоод,0877519326,-,https://imoti.bg/обяви/agu:28138,-,office@imoti.bg
Имот360,0895764435,-,https://imoti.bg/обяви/agu:2715,-,office@imoti.bg
Имоти България,-,-,https://imoti.bg/обяви/agu:2489,-,office@imoti.bg
Имоти Зона,+359893212422,-,https://imoti.bg/обяви/agu:3263,-,office@imoti.bg
Интелкомс ЕООД,0887 253264,-,https://imoti.bg/обяви/agu:4564,-,office@imoti.bg
ИНТЕЛЛИГАРД ЕООД,+359 885 816 803,-,https://imoti.bg/обяви/agu:4727,-,office@imoti.bg
Интеллигард2023,0886000982,-,https://imoti.bg/обяви/agu:4726,-,office@imoti.bg
Интрига Недвижими Имоти,0879387573,0879387574,https://imoti.bg/обяви/agu:2500,-,office@imoti.bg
КАРТ 19,0889584444,-,https://imoti.bg/обяви/agu:4737,-,office@imoti.bg
Колев Консулт Царево,0888361509,-,https://imoti.bg/обяви/agu:3846,-,office@imoti.bg
колев-имот,0895736665,-,https://imoti.bg/обяви/agu:4188,-,office@imoti.bg
Мартинови ООД,0877668895,-,https://imoti.bg/обяви/agu:5063,-,office@imoti.bg
МДК България,0877100115,-,https://imoti.bg/обяви/agu:3612,-,office@imoti.bg
Медия плюс имоти,0893571872,-,https://imoti.bg/обяви/agu:2616,-,office@imoti.bg
Море-недвижими имоти,+359889341923,-,https://imoti.bg/обяви/agu:3647,-,office@imoti.bg
Мориа ЕООД,0889970860,-,https://imoti.bg/обяви/agu:5442,-,office@imoti.bg
МОРСКИ БРИЗ 54 ЕООД,0887786556,-,https://imoti.bg/обяви/agu:2710,-,office@imoti.bg
МСС4 ЕООД,-,-,https://imoti.bg/обяви/agu:29010,-,office@imoti.bg
МУЛТИБРОКЕР,+359888010613,-,https://imoti.bg/обяви/agu:4088,-,office@imoti.bg
Наталия имоти,0888644502,-,https://imoti.bg/обяви/agu:3001,-,office@imoti.bg
недвижими имоти,0879019012,-,https://imoti.bg/обяви/agu:4809,-,office@imoti.bg
Недвижими имоти Виктория 2003,0894221109,-,https://imoti.bg/обяви/agu:4129,-,office@imoti.bg
НЕДВИЖИМИ ИМОТИ ДОНИКА ЛЯЛЕВА ЕООД,0885330346,-,https://imoti.bg/обяви/agu:5931,-,office@imoti.bg
Недвижими Имоти Доника Лялева ЕООД,0885330346,-,https://imoti.bg/обяви/agu:3172,-,office@imoti.bg
Николови Корект,-,-,https://imoti.bg/обяви/agu:5660,-,office@imoti.bg
Нирвана Хоумс,0894969121,-,https://imoti.bg/обяви/agu:3806,-,office@imoti.bg
Нов Дом 1,0894555630,-,https://imoti.bg/обяви/agu:28228,-,office@imoti.bg
Нова риал истейт,0882333707,-,https://imoti.bg/обяви/agu:3160,-,office@imoti.bg
ОБЕДИНЕНИ АГЕНЦИИ ЗА НЕДВИЖИМИ ИМОТИ И ТУРИЗЪМ,+359878817386,-,https://imoti.bg/обяви/agu:4801,-,office@imoti.bg
ОРЕЛ-5 ЕООД,0898945694,-,https://imoti.bg/обяви/agu:4444,-,-
ПЕРФЕКТ СЪРВИС БГ ЕООД,0889953631,-,https://imoti.bg/обяви/agu:4361,-,office@imoti.bg
Пирин Голф Асетс,0887555216,-,https://imoti.bg/обяви/agu:4892,-,office@imoti.bg
Прогрес имоти,0885607833,-,https://imoti.bg/обяви/agu:2492,-,office@imoti.bg
Прогрес имоти,0885607833,-,https://imoti.bg/обяви/agu:2497,-,office@imoti.bg
Продиджи имоти,0883313332,0876790001,https://imoti.bg/обяви/agu:2505,-,office@imoti.bg
Р-КОНСУЛТ 1 ЕООД,+359889279037,-,https://imoti.bg/обяви/agu:5582,-,office@imoti.bg
Радост-333 имоти,0888318803,-,https://imoti.bg/обяви/agu:5199,-,office@imoti.bg
РАЙ,0878703573,-,https://imoti.bg/обяви/agu:28404,-,office@imoti.bg
РБ Ентерпрайзис,0899947714,-,https://imoti.bg/обяви/agu:23576,-,office@imoti.bg
Риелтор Естейт,+359878319198,-,https://imoti.bg/обяви/agu:4690,-,office@imoti.bg
РИС5,+359359888766241,-,https://imoti.bg/обяви/agu:29272,-,office@imoti.bg
Севън Хоумс,0879019663,-,https://imoti.bg/обяви/agu:5574,-,office@imoti.bg
слънчев рай,0899308256,-,https://imoti.bg/обяви/agu:3920,-,office@imoti.bg
СМТЛегал Сървисиз ООД,0888702072,-,https://imoti.bg/обяви/agu:3381,-,office@imoti.bg
СОФИЯ ИМОТ +,0888085007,-,https://imoti.bg/обяви/agu:2499,-,office@imoti.bg
Стефановинест ЕООД,0884373727,-,https://imoti.bg/обяви/agu:28180,-,office@imoti.bg
СТИЛ ПРОЕКТ,+359888868922,-,https://imoti.bg/обяви/agu:6109,-,office@imoti.bg
Строй билд 82 ЕООД,0878590605,-,https://imoti.bg/обяви/agu:28793,-,office@imoti.bg
Тератръст,+359888219313,-,https://imoti.bg/обяви/agu:28932,-,office@imoti.bg
Тиара Естейтс 17 ЕООД,0884486871,-,https://imoti.bg/обяви/agu:2716,-,office@imoti.bg
Толев Строй,-,-,https://imoti.bg/обяви/agu:5873,-,office@imoti.bg
Топ Имоти Варна,0895852888,-,https://imoti.bg/обяви/agu:5014,-,office@imoti.bg
Трент Ренталс ЕООД,0898372674,-,https://imoti.bg/обяви/agu:28642,-,office@imoti.bg
Фидий,+359888991119,-,https://imoti.bg/обяви/agu:2895,-,office@imoti.bg
Хаятис Естейтс,+359882643334,-,https://imoti.bg/обяви/agu:4474,-,office@imoti.bg
ХЕПИ ХАУС ЕООД,0888723155,-,https://imoti.bg/обяви/agu:5631,-,office@imoti.bg
Хоби Имоти ЕООД,0899450421,-,https://imoti.bg/обяви/agu:2510,-,office@imoti.bg
Хоум Вилидж БГ,-,-,https://imoti.bg/обяви/agu:5639,-,office@imoti.bg
